<categories>
  <voice0>Mike, US English, Natural Voice<index-1 /><en_us /><m_a_1 /></voice0>
  <voice1>Crystal, US English, Natural Voice<index-11 /><en_us /><f_a_1 /></voice1>
  <voice2>Rich, US English, Natural Voice<index-13 /><en_us /><m_a_2 /></voice2>
  <voice3>Ray, US English, Natural Voice<index-14 /><en_us /><m_a_3 /></voice3>
  <voice4>Claire, US English, Natural Voice<index-15 /><en_us /><f_a_2 /></voice4>
  <voice5>Julia, US English, Natural Voice<index-16 /><en_us /><f_a_3 /></voice5>
  <voice6>Lauren, US English, Natural Voice<index-17 /><en_us /><f_a_4 /></voice6>
  <voice7>Mel, US English, Natural Voice<index-18 /><en_us /><m_a_4 /></voice7>
  <voice8>Alberto, Spanish, Natural Voice<index-19 /><es_us /><m_a_1 /></voice8>
  <voice9>Rosa, Spanish, Natural Voice<index-20 /><es_us /><f_a_1 /></voice9>
  <voice10>Charles, UK English, Natural Voice<index-2 /><en_uk /><m_a_5 /></voice10>
  <voice11>Audrey, UK English, Natural Voice<index-3 /><en_uk /><f_a_5 /></voice11>
  <voice12>Anjali, UK English, Natural Voice<index-4 /><en_uk /><f_a_6 /></voice12>
  <voice13>Reiner, German, Natural Voice<index-5 /><de_de /><m_a_1 /></voice13>
  <voice14>Klara, German, Natural Voice<index-6 /><de_de /><f_a_1 /></voice14>
  <voice15>Alain, French, Natural Voice<index-7 /><fr_fr /><m_a_1 /></voice15>
  <voice16>Juliette, French, Natural Voice<index-8 /><fr_fr /><f_a_1 /></voice16>
  <voice17>Arnaud, French Canadian, Natural Voice<index-9 /><fr_ca /><m_a_2 /></voice17>
  <voice18>Giovanni, Italian, Natural Voice<index-10 /><it_it /><m_a_1 /></voice18>
  <voice19>Francesca, Italian, Natural Voice<index-12 /><it_it /><f_a_1 /></voice19>
  <voice20>Alice, French, Natural Voice<index-21 /><fr_fr /><f_a_1 /></voice20>
  <voice21>Bruno, French, Natural Voice<index-22 /><fr_fr /><m_a_1 /></voice21>
  <voice22>Chiara, Italian, Natural Voice<index-23 /><it_it /><f_a_1 /></voice22>
  <voice23>Claire, French, Natural Voice<index-24 /><fr_fr /><f_a_2 /></voice23>
  <voice24>Graham, UK English, Natural Voice<index-25 /><en_uk /><m_a_2 /></voice24>
  <voice25>Heather, US English, Natural Voice<index-26 /><en_us /><f_a_1 /></voice25>
  <voice26>Julie, French, Natural Voice<index-27 /><fr_fr /><f_a_3 /></voice26>
  <voice27>Klaus, German, Natural Voice<index-28 /><de_de /><m_a_1 /></voice27>
  <voice28>Laura, US English, Natural Voice<index-29 /><en_us /><f_a_2 /></voice28>
  <voice29>Lucy, UK English, Natural Voice<index-30 /><en_uk /><f_a_1 /></voice29>
  <voice30>Peter, UK English, Natural Voice<index-31 /><en_uk /><m_a_1 /></voice30>
  <voice31>Rachel, UK English, Natural Voice<index-32 /><en_uk /><f_a_2 /></voice31>
  <voice32>Ryan, US English, Natural Voice<index-33 /><en_us /><m_a_1 /></voice32>
  <voice33>Salma, Arabic, Natural Voice<index-34 /><ar_ar /><f_a_1 /></voice33>
  <voice34>Sarah, German, Natural Voice<index-35 /><de_de /><f_a_1 /></voice34>
  <voice35>Vittorio, Italian, Natural Voice<index-36 /><it_it /><m_a_1 /></voice35>
</categories>